City,Country,Latitude,Longitude,Date,Max Temperature,Humidity,Wind Speed,Cloudiness
Villamontes,BO,-21.26,-63.47,1563773636,68.41,52,3.49,0
Avarua,CK,-21.21,-159.78,1563773636,77.0,88,9.17,61
Aix-les-Bains,FR,45.69,5.91,1563773608,71.01,93,1.12,40
Atuona,PF,-9.8,-139.03,1563773637,79.93,77,13.62,52
Nieves,MX,24.0,-103.02,1563773637,65.17,49,3.76,81
Vaini,TO,-21.2,-175.2,1563773638,71.6,73,17.22,20
Provideniya,RU,64.42,-173.23,1563773638,51.8,87,15.66,90
Rikitea,PF,-23.12,-134.97,1563773638,68.23,74,21.99,35
Katsuura,JP,33.93,134.5,1563773639,80.6,94,13.87,75
Husavik,IS,66.04,-17.34,1563773639,53.6,71,13.87,90
Kropotkin,RU,45.43,40.58,1563773639,70.93,68,6.06,84
Amberley,NZ,-43.15,172.73,1563773640,51.01,93,8.05,11
Lagoa,PT,37.14,-8.45,1563773640,75.2,57,5.82,0
Ponta do Sol,CV,17.2,-25.09,1563773640,75.2,83,4.7,40
Bethel,US,60.79,-161.76,1563773480,60.8,82,2.66,90
Kaeo,NZ,-35.1,173.78,1563773641,57.0,100,5.68,9
Afua,BR,-0.16,-50.39,1563773641,76.33,88,7.67,71
Axim,GH,4.87,-2.24,1563773641,75.61,91,10.83,74
Manga,BR,-14.75,-43.94,1563773642,58.69,84,2.68,38
Butaritari,KI,3.07,172.79,1563773642,84.97,69,8.46,20
Faanui,PF,-16.48,-151.75,1563773643,78.67,81,19.89,16
Nouadhibou,MR,20.93,-17.03,1563773643,68.0,82,18.34,8
Tiksi,RU,71.64,128.87,1563773643,41.41,66,11.56,37
Ust-Maya,RU,60.42,134.54,1563773644,75.43,32,8.12,0
Mar del Plata,AR,-46.43,-67.52,1563773644,33.49,67,14.94,0
Ancud,CL,-41.87,-73.83,1563773644,32.0,70,5.12,0
Ushuaia,AR,-54.81,-68.31,1563773645,33.8,74,9.17,75
Inhambane,MZ,-23.87,35.38,1563773645,61.21,59,2.84,71
Santa Maria,CV,16.6,-22.9,1563773646,75.2,83,5.82,40
Solnechnyy,RU,50.72,136.64,1563773646,73.27,70,3.94,98
Hithadhoo,MV,-0.6,73.08,1563773647,82.99,78,14.0,6
Chokurdakh,RU,70.62,147.9,1563773647,38.53,83,15.52,100
Cap Malheureux,MU,-19.98,57.61,1563773647,75.2,78,8.05,20
Balakhta,RU,55.38,91.62,1563773648,65.35,64,7.78,78
Punta Arenas,CL,-53.16,-70.91,1563773648,35.6,83,12.75,75
Ciudad Bolivar,VE,8.12,-63.55,1563773648,76.87,84,7.81,67
Barrow,US,39.51,-90.4,1563773649,78.01,94,6.93,40
Ribeira Grande,PT,38.52,-28.7,1563773649,73.27,91,26.78,67
Sitka,US,37.17,-99.65,1563773649,71.01,79,5.01,6
Mogapi,BW,-22.32,27.84,1563773650,39.2,93,5.99,0
Puerto Madero,MX,14.72,-92.42,1563773650,80.6,100,3.8,40
Bolshaya Rechka,RU,51.95,104.74,1563773651,66.2,93,4.47,75
Carnarvon,AU,-24.87,113.63,1563773651,73.4,38,14.99,0
Bolitoc,PH,15.74,119.88,1563773651,81.91,78,9.42,100
Bluff,NZ,-46.6,168.33,1563773652,50.0,93,3.0,96
Najran,SA,17.54,44.22,1563773652,87.8,15,4.7,0
Killybegs,IE,54.63,-8.45,1563773653,64.99,93,10.0,100
Busselton,AU,-33.64,115.35,1563773653,62.01,41,16.37,98
Lakes Entrance,AU,-37.88,147.99,1563773653,62.01,37,11.99,0
Lavrentiya,RU,65.58,-170.99,1563773654,52.03,71,17.72,42
Jamestown,SH,-15.94,-5.72,1563773654,67.87,78,18.48,1
Gura Teghii,RO,45.5,26.43,1563773654,81.0,64,9.17,5
Saint-Augustin,CA,45.63,-73.98,1563773655,71.01,77,5.82,40
Iquique,CL,-20.22,-70.14,1563773655,60.8,67,5.82,90
Ngaoundere,CM,7.32,13.58,1563773656,66.2,93,3.42,40
Zhezkazgan,KZ,47.8,67.71,1563773656,80.6,28,24.61,0
Roald,NO,62.58,6.12,1563773656,59.0,87,5.82,0
Saldanha,ZA,-33.01,17.94,1563773455,53.6,93,8.05,0
Hermanus,ZA,-34.42,19.24,1563773657,53.01,85,11.99,0
Bjornevatn,NO,69.67,29.98,1563773657,64.4,72,8.05,0
Turan,RU,52.15,93.92,1563773658,73.81,36,5.39,91
Dakoro,NE,14.51,6.76,1563773658,78.49,69,9.22,100
Klaksvik,FO,62.23,-6.59,1563773659,53.6,93,8.05,100
Castro,CL,-42.48,-73.76,1563773659,32.0,89,3.31,0
Kodiak,US,39.95,-94.76,1563773660,71.6,94,8.05,90
Bambous Virieux,MU,-20.34,57.76,1563773660,75.2,78,8.05,20
Edson,CA,53.59,-116.44,1563773371,62.6,67,5.82,1
Saint-Philippe,RE,-21.36,55.77,1563773661,71.6,88,10.29,100
Buala,SB,-8.15,159.59,1563773661,80.47,81,7.18,100
Saskylakh,RU,71.97,114.09,1563773662,82.99,26,13.27,5
Albany,AU,-35.02,117.88,1563773662,55.4,71,21.92,90
Staryy Nadym,RU,65.61,72.68,1563773662,75.79,42,9.78,100
Mantua,CU,22.29,-84.28,1563773663,83.89,72,8.63,0
Nong Chik,TH,6.84,101.18,1563773663,84.07,65,4.45,51
Cayenne,GF,4.94,-52.33,1563773663,73.4,100,2.68,75
Qaanaaq,GL,77.48,-69.36,1563773664,37.27,90,9.82,97
Cidreira,BR,-30.17,-50.22,1563773664,63.01,82,6.24,41
Dodola,ET,6.98,39.18,1563773665,56.89,85,6.15,99
Sioux Lookout,CA,50.1,-91.92,1563773453,62.6,63,6.93,20
Pandan,PH,11.72,122.09,1563773665,85.15,69,9.37,45
Horizonte,BR,-4.1,-38.5,1563773666,77.0,78,8.05,20
San Patricio,MX,19.22,-104.7,1563773666,75.43,91,2.93,100
Vargem Grande,BR,-23.71,-46.2,1563773666,62.6,93,8.05,0
Sao Bernardo,BR,-3.36,-42.42,1563773667,69.31,93,0.89,10
Leningradskiy,RU,69.38,178.42,1563773667,36.37,99,0.38,100
Rosetta,EG,31.4,30.42,1563773667,78.8,74,8.05,40
Hilo,US,19.71,-155.08,1563773668,80.01,74,6.93,40
Saint George,BM,32.38,-64.68,1563773668,82.99,83,11.41,40
Tshikapa,CD,-6.42,20.79,1563773669,69.49,29,1.92,0
Tual,ID,-5.67,132.75,1563773669,75.79,83,17.92,47
Denpasar,ID,-8.65,115.22,1563773622,79.75,66,10.74,90
Georgetown,SH,-7.93,-14.42,1563773670,73.09,76,19.37,84
Ngunguru,NZ,-35.62,174.5,1563773670,56.71,81,11.61,39
Puerto Ayora,EC,-0.74,-90.35,1563773670,69.01,94,16.8,35
Chase,CA,50.82,-119.69,1563773671,75.2,41,3.36,40
Saint-Felicien,CA,48.65,-72.45,1563773671,59.0,76,6.93,20
Tautira,PF,-17.73,-149.15,1563773671,77.0,69,11.41,20
Kapaa,US,22.08,-159.32,1563773672,84.2,74,16.11,40
Port Elizabeth,ZA,-33.92,25.57,1563773672,55.4,28,3.36,0
Cabo San Lucas,MX,22.89,-109.91,1563773607,81.0,74,10.29,5
Shingu,JP,33.72,135.99,1563773672,80.6,88,6.93,75
Madimba,TZ,-10.4,40.33,1563773673,69.8,73,23.04,75
Nantucket,US,41.28,-70.1,1563773673,79.0,94,9.17,20
Comodoro Rivadavia,AR,-45.87,-67.48,1563773673,37.4,59,16.11,0
Ambilobe,MG,-13.19,49.05,1563773674,82.09,57,5.14,33
Northam,AU,-31.65,116.67,1563773674,60.8,67,8.05,75
Shimanovsk,RU,52.0,127.67,1563773674,75.25,88,5.14,100
La Ronge,CA,55.1,-105.3,1563773675,59.0,87,2.24,20
Nikolskoye,RU,59.7,30.79,1563773675,80.01,59,4.47,0
Pacific Grove,US,36.62,-121.92,1563773675,63.0,82,5.82,75
Torbay,CA,47.66,-52.73,1563773676,52.0,100,17.22,90
Wanlaweyn,SO,2.62,44.89,1563773676,80.47,53,21.61,82
Broken Hill,AU,-31.97,141.45,1563773676,64.4,23,14.99,0
Dingle,IE,52.14,-10.27,1563773430,62.47,92,28.12,100
Ruteng,ID,-8.61,120.46,1563773677,79.21,64,5.39,42
Sept-Iles,CA,50.2,-66.38,1563773678,60.01,54,6.93,40
Montepuez,MZ,-13.13,39.0,1563773678,67.87,59,12.59,10
Xinyu,CN,27.8,114.93,1563773678,95.59,53,3.71,23
Arraial do Cabo,BR,-22.97,-42.02,1563773679,68.95,80,23.2,18
Hervey Bay,AU,-25.3,152.85,1563773679,73.99,46,9.17,90
Dikson,RU,73.51,80.55,1563773679,34.93,97,13.13,97
Hobart,AU,-42.88,147.33,1563773573,61.0,41,19.46,20
Balkhash,KZ,46.84,74.98,1563773680,84.2,35,11.18,40
Myaundzha,RU,63.05,147.18,1563773680,45.55,74,11.92,76
Los Llanos de Aridane,ES,28.66,-17.92,1563773681,71.6,68,14.99,90
Port Lincoln,AU,-34.72,135.86,1563773681,57.43,72,28.43,100
New Norfolk,AU,-42.78,147.06,1563773681,61.0,41,19.46,20
Gopalpur,IN,25.6,86.94,1563773682,100.09,41,6.02,78
Portland,AU,-33.35,149.98,1563773682,57.99,45,5.01,0
Renqiu,CN,38.71,116.1,1563773682,97.75,31,11.25,100
Yumen,CN,40.29,97.04,1563773683,85.69,21,12.86,74
Elko,US,40.83,-115.76,1563773404,78.8,19,3.36,1
Nome,US,30.04,-94.42,1563773683,82.99,100,5.95,1
Horta,PT,40.42,-8.49,1563773684,66.0,93,2.24,0
Ulladulla,AU,-35.36,150.48,1563773685,68.0,32,8.05,0
Tuatapere,NZ,-46.13,167.69,1563773685,50.0,93,3.0,97
Aykhal,RU,65.95,111.51,1563773685,78.8,22,4.47,0
Nizwa,OM,22.93,57.53,1563773686,91.27,35,2.71,0
Cherskiy,RU,68.75,161.3,1563773686,36.73,94,12.62,100
Bathsheba,BB,13.22,-59.52,1563773686,80.6,83,17.22,75
Nanyamba,TZ,-10.68,39.83,1563773687,69.8,73,23.04,75
Ilulissat,GL,69.22,-51.1,1563773687,44.6,81,8.48,20
Iqaluit,CA,63.75,-68.52,1563773688,39.2,93,6.93,90
Candolim,IN,15.52,73.76,1563773688,84.2,79,14.99,40
Torre-Pacheco,ES,37.74,-0.95,1563773688,78.01,69,10.29,0
Beringovskiy,RU,63.05,179.32,1563773689,48.61,86,9.24,100
Yar-Sale,RU,66.83,70.83,1563773689,68.59,61,11.43,99
Brumunddal,NO,60.89,10.94,1563773689,60.01,97,1.36,5
Dillon,US,45.22,-112.64,1563773589,62.6,51,5.82,1
Pevek,RU,69.7,170.27,1563773690,32.59,97,21.03,100
Taiyuan,CN,37.86,112.56,1563773690,77.0,83,6.71,40
Victoria,SC,-4.62,55.45,1563773691,82.4,69,8.05,20
Port Hedland,AU,-20.31,118.58,1563773691,82.4,12,13.87,0
Vao,NC,-22.67,167.48,1563773691,67.51,64,13.53,20
Alto Lucero,MX,20.95,-97.44,1563773692,75.79,95,2.42,1
Mount Gambier,AU,-37.83,140.78,1563773692,60.8,51,21.92,75
Sann,PK,26.04,68.14,1563773692,96.8,53,4.7,0
Manta,EC,-0.95,-80.73,1563773507,71.6,88,69.12,40
Teguldet,RU,57.31,88.17,1563773693,55.09,87,3.74,97
Kokkola,FI,63.84,23.13,1563773694,69.01,68,4.7,21
Marsh Harbour,BS,26.54,-77.06,1563773600,83.35,76,13.15,82
East London,ZA,-33.02,27.91,1563773694,55.4,30,8.05,0
Hasaki,JP,35.73,140.83,1563773694,73.4,94,5.82,75
Thompson,CA,55.74,-97.86,1563773695,57.2,82,11.41,75
Zurrieq,MT,35.83,14.47,1563773695,75.0,73,4.7,0
Kudahuvadhoo,MV,2.67,72.89,1563773695,82.99,78,15.01,84
Pangnirtung,CA,66.15,-65.72,1563773696,43.21,86,3.42,90
Itoman,JP,26.12,127.67,1563773696,91.4,70,11.41,75
Kitami,JP,43.8,143.9,1563773697,75.2,53,24.16,20
Halifax,CA,44.65,-63.58,1563773681,64.0,100,8.05,20
Lundazi,ZM,-12.29,33.17,1563773697,59.23,69,14.9,29
Narsaq,GL,60.91,-46.05,1563773697,44.6,81,3.36,56
Cockburn Town,TC,21.46,-71.14,1563773646,82.27,80,19.57,8
Shelbyville,US,39.41,-88.79,1563773698,75.99,83,8.57,90
Ingham,AU,-18.65,146.16,1563773699,72.55,64,5.37,58
Bredasdorp,ZA,-34.53,20.04,1563773699,42.8,75,8.05,0
Palencia,ES,42.01,-4.53,1563773699,66.99,82,5.82,0
Te Anau,NZ,-45.41,167.72,1563773700,47.53,79,6.15,96
Esperance,AU,-33.86,121.89,1563773700,55.4,82,21.92,75
General Roca,AR,-39.03,-67.58,1563773701,42.8,55,5.82,0
Povorino,RU,51.2,42.24,1563773701,75.99,45,5.01,19
Luderitz,NA,-26.65,15.16,1563773701,56.89,70,9.75,0
Berlevag,NO,70.86,29.09,1563773702,66.2,72,3.36,0
Ust-Ordynskiy,RU,52.8,104.75,1563773702,66.2,93,4.47,75
Weligama,LK,5.97,80.42,1563773703,83.35,75,19.98,100
Tasiilaq,GL,65.61,-37.64,1563773703,46.4,70,5.82,15
Lashma,RU,54.93,41.14,1563773704,64.99,66,5.3,23
Evensk,RU,61.92,159.24,1563773704,51.31,82,7.29,98
Havre-Saint-Pierre,CA,50.23,-63.6,1563773704,53.6,100,2.24,90
Asilah,MA,35.47,-6.03,1563773705,75.2,88,3.36,0
Khasan,RU,42.43,130.64,1563773705,71.29,91,3.8,98
Sibolga,ID,1.74,98.78,1563773705,82.99,69,6.73,71
Riyadh,SA,24.63,46.72,1563773628,95.0,10,6.93,0
Tuktoyaktuk,CA,69.44,-133.03,1563773706,51.8,81,6.93,90
Vanavara,RU,60.35,102.28,1563773706,76.87,31,10.38,16
Chicama,PE,-7.84,-79.15,1563773707,62.6,88,8.05,90
Gizo,SB,-8.1,156.84,1563773707,81.19,80,21.18,100
Porto Novo,CV,17.02,-25.06,1563773707,75.2,83,4.7,40
Rock Sound,BS,24.9,-76.2,1563773708,83.35,77,17.65,6
Lorengau,PG,-2.02,147.27,1563773708,83.35,73,5.06,92
Harbour Breton,CA,47.48,-55.8,1563773709,55.63,99,5.68,100
Port Shepstone,ZA,-30.74,30.45,1563773709,53.11,21,5.73,0
Grodkow,PL,50.7,17.38,1563773710,68.0,82,3.36,0
Yellowknife,CA,62.45,-114.38,1563773710,68.0,68,4.7,75
Srednekolymsk,RU,67.46,153.71,1563773710,44.11,71,12.19,99
Caramay,PH,10.18,119.24,1563773711,84.07,69,5.01,45
Linhares,BR,-19.38,-40.06,1563773711,63.91,93,2.66,67
Lebu,CL,-37.62,-73.65,1563773711,50.77,65,10.0,38
Vila Velha,BR,-3.71,-38.6,1563773712,77.0,78,8.05,20
Cabiraoan,PH,18.32,122.09,1563773712,84.25,73,4.72,56
Kulhudhuffushi,MV,6.62,73.07,1563773712,82.63,81,18.43,93
Moussoro,TD,13.64,16.49,1563773713,77.23,77,9.62,69
Norman Wells,CA,65.28,-126.83,1563773713,60.8,82,2.24,90
Turukhansk,RU,65.8,87.96,1563773714,77.95,34,10.31,60
Upernavik,GL,72.79,-56.15,1563773714,43.03,94,8.3,99
Deloraine,CA,49.18,-100.5,1563773714,60.01,80,1.1,0
Tungor,RU,53.39,142.95,1563773715,53.11,96,11.03,100
Oranjestad,AW,12.52,-70.03,1563773715,80.6,83,19.46,20
Timra,SE,62.49,17.33,1563773715,63.0,82,2.24,0
Zabaykalsk,RU,49.63,117.32,1563773716,76.69,44,14.32,11
Sao Filipe,CV,14.9,-24.5,1563773716,75.43,80,7.29,27
Venado Tuerto,AR,-33.75,-61.97,1563773551,51.01,52,8.99,100
Ardmore,US,34.17,-97.14,1563773468,82.99,57,3.36,1
Coquimbo,CL,-29.95,-71.34,1563773617,48.2,93,6.93,0
Vieux-Habitants,GP,16.06,-61.77,1563773717,77.0,83,15.14,0
Constitucion,MX,23.99,-104.67,1563773717,64.0,74,14.0,96
Mednogorsk,RU,51.41,57.59,1563773717,73.27,56,10.49,41
Flinders,AU,-34.58,150.85,1563773718,71.01,32,8.05,0
Le Mars,US,42.79,-96.17,1563773718,66.2,100,3.36,1
Eyrarbakki,IS,63.86,-21.15,1563773718,55.4,76,6.93,90
Port Alfred,ZA,-33.59,26.89,1563773719,57.99,36,8.01,0
Pisco,PE,-13.71,-76.2,1563773719,62.6,82,4.7,90
Mayo,CA,63.59,-135.9,1563773719,75.2,31,8.05,75
Chuy,UY,-33.69,-53.46,1563773720,64.81,89,11.63,86
Inirida,CO,3.87,-67.92,1563773720,71.83,97,1.41,70
Cape Town,ZA,-33.93,18.42,1563773707,55.0,87,10.29,40
Kruisfontein,ZA,-34.0,24.73,1563773721,51.67,34,12.5,0
Clyde River,CA,70.47,-68.59,1563773721,35.6,100,3.36,90
Lima,PE,-12.06,-77.04,1563773471,60.8,93,6.93,90
Ossora,RU,59.24,163.07,1563773722,60.85,49,5.93,3
Charlottetown,CA,46.23,-63.13,1563773722,61.0,100,4.7,20
Krian,ID,-7.41,112.58,1563773722,91.45,28,9.13,55
Fare,PF,-16.7,-151.02,1563773723,78.13,80,21.18,3
Akhalgori,GE,42.13,44.48,1563773723,77.0,65,23.04,0
Chalus,IR,36.66,51.42,1563773723,82.4,69,2.24,75
Geraldton,AU,-28.77,114.6,1563773724,66.2,68,11.41,40
Kaitangata,NZ,-46.28,169.85,1563773724,46.99,90,4.0,86
Kahului,US,20.89,-156.47,1563773725,82.4,61,17.22,40
Tobol,KZ,52.68,62.58,1563773725,74.17,53,13.76,0
Bilma,NE,18.69,12.92,1563773725,85.33,41,9.15,0
Hamilton,BM,32.3,-64.78,1563773726,82.99,83,11.41,40
Kavieng,PG,-2.57,150.8,1563773726,84.43,65,5.32,14
Nanortalik,GL,60.14,-45.24,1563773727,37.99,93,1.86,82
Banjar,ID,-7.37,108.54,1563773727,78.49,69,6.06,100
Dunedin,NZ,-45.87,170.5,1563773727,48.0,94,11.01,44
Nanning,CN,22.83,108.3,1563773727,89.6,70,4.47,40
Cacapava do Sul,BR,-30.51,-53.49,1563773728,59.95,95,5.17,0
Barranca,PE,-10.75,-77.76,1563773728,62.47,84,8.9,62
Nishihara,JP,35.74,139.53,1563773729,78.01,88,3.36,90
Novo Aripuana,BR,-5.12,-60.38,1563773729,73.81,74,0.67,20
Makakilo City,US,21.35,-158.09,1563773600,82.4,69,8.05,90
Watertown,US,44.9,-97.12,1563773505,62.01,100,3.36,1
San Rafael,AR,-34.61,-68.33,1563773730,45.19,50,8.81,94
Marquette,US,46.54,-87.4,1563773453,61.0,81,3.36,1
Morant Bay,JM,17.88,-76.41,1563773730,82.4,65,4.7,20
Khudumelapye,BW,-23.91,24.95,1563773731,43.39,86,12.35,0
Khatanga,RU,71.98,102.47,1563773731,84.25,25,10.18,0
Richards Bay,ZA,-28.77,32.06,1563773733,61.57,63,26.42,0
Sangar,RU,63.92,127.47,1563773733,78.31,30,3.13,0
Fairbanks,US,64.84,-147.72,1563773465,77.0,38,6.93,1
Illora,ES,37.29,-3.88,1563773734,73.0,56,1.12,0
Tuy Hoa,VN,13.08,109.3,1563773734,96.13,40,8.81,100
Severo-Kurilsk,RU,50.68,156.12,1563773735,45.55,97,17.29,100
Heilbad Heiligenstadt,DE,51.38,10.14,1563773736,60.01,93,4.7,0
Ust-Uda,RU,54.17,103.03,1563773736,72.73,56,5.88,100
Kansanshi,ZM,-12.1,26.43,1563773736,54.91,52,10.67,0
Igrim,RU,63.19,64.42,1563773737,79.93,49,8.72,83
Bolobo,CD,-2.17,16.23,1563773737,78.49,58,4.05,68
Vestmannaeyjar,IS,63.44,-20.27,1563773738,51.31,91,4.92,75
Mitsamiouli,KM,-11.38,43.28,1563773738,78.8,54,4.7,20
Lambarene,GA,-0.7,10.22,1563773738,71.29,88,2.57,100
Ixtapa,MX,20.71,-105.21,1563773739,75.99,100,1.25,90
Xingyi,CN,24.19,102.82,1563773739,69.13,79,5.3,100
Talnakh,RU,69.49,88.39,1563773739,77.0,29,8.95,0
Touros,BR,-5.2,-35.46,1563773740,71.6,100,4.7,75
Port Hardy,CA,50.7,-127.42,1563773740,59.0,77,4.7,20
Cairns,AU,-16.92,145.77,1563773464,78.8,57,14.99,34
Phonhong,LA,18.5,102.42,1563773741,87.8,66,4.7,75
Barsovo,RU,61.17,73.17,1563773741,73.4,46,8.95,0
Tarbert,GB,55.86,-5.42,1563773742,66.2,100,19.46,100
Guigue,VE,10.09,-67.78,1563773742,67.15,97,0.94,0
Guatire,VE,10.47,-66.54,1563773742,75.2,94,1.12,40
Jaisinghnagar,IN,23.63,78.57,1563773743,92.35,44,8.84,6
Yulara,AU,-25.24,130.99,1563773743,75.2,17,4.7,0
Waipawa,NZ,-39.94,176.59,1563773743,43.57,97,1.43,0
Salalah,OM,17.01,54.1,1563773744,80.6,88,2.24,90
Sisimiut,GL,66.94,-53.67,1563773744,41.77,94,7.14,81
Progreso,MX,20.25,-99.19,1563773744,63.91,78,1.32,100
Huarmey,PE,-10.07,-78.15,1563773745,62.65,87,9.48,58
Adrar,DZ,27.87,-0.29,1563773745,89.6,11,16.11,0
Nasirabad,PK,27.38,67.92,1563773745,106.93,25,4.63,0
Badarpur,IN,24.87,92.56,1563773746,83.89,88,3.65,100
Nuuk,GL,64.17,-51.74,1563773746,41.0,100,8.05,100
Lubao,CD,-5.39,25.75,1563773746,73.63,31,6.58,0
Borovoy,RU,63.23,52.89,1563773747,63.37,73,9.06,100
Tateyama,JP,36.66,137.31,1563773747,91.0,70,6.93,75
Vardo,NO,70.37,31.11,1563773747,66.2,77,3.36,0
Saint-Pierre,PM,46.77,-56.17,1563773748,56.35,98,7.09,100
Funtua,NG,11.52,7.31,1563773748,68.05,96,6.4,100
Yarada,IN,17.65,83.27,1563773748,89.6,62,6.93,20
Kloulklubed,PW,7.04,134.26,1563773749,84.2,79,13.87,90
Noumea,NC,-22.28,166.46,1563773627,69.8,60,13.87,0
Sola,VU,-13.88,167.55,1563773750,76.15,75,21.07,71
Takestan,IR,36.07,49.69,1563773751,91.4,24,4.7,0
Riverton,NZ,-46.35,168.02,1563773751,50.0,93,3.0,96
Hovd,MN,48.01,91.64,1563773751,75.25,20,4.76,1
Great Falls,US,47.5,-111.29,1563773752,64.4,55,4.7,1
Sarkand,KZ,45.41,79.91,1563773752,93.25,14,10.92,4
Tra Vinh,VN,9.93,106.35,1563773689,88.21,69,9.82,83
Harper,LR,4.38,-7.71,1563773753,76.15,87,11.97,99
Bastia,FR,42.7,9.45,1563773753,77.0,83,4.7,0
Urucara,BR,-2.54,-57.76,1563773754,71.11,93,2.44,49
Tadine,NC,-21.55,167.88,1563773754,68.95,66,18.3,35
Ladovskaya Balka,RU,45.63,41.4,1563773754,69.31,73,3.65,98
Port Blair,IN,11.67,92.75,1563773518,87.8,70,13.87,75
Mahebourg,MU,-20.41,57.7,1563773755,75.2,78,8.05,20
Ibra,OM,22.69,58.55,1563773755,95.05,26,6.62,0
Anadyr,RU,64.73,177.51,1563773756,53.6,93,11.18,75
Moree,AU,-29.46,149.84,1563773756,75.2,25,8.05,13
Anori,BR,-3.74,-61.66,1563773756,74.53,72,1.63,49
Neiafu,TO,-18.65,-173.98,1563773757,73.4,69,9.17,20
Tarata,PE,-17.47,-70.03,1563773757,55.4,87,5.82,90
Novyy Yegorlyk,RU,46.39,41.87,1563773757,70.39,75,5.91,99
Hibbing,US,47.43,-92.94,1563773513,52.0,93,5.23,1
Melo,UY,-32.37,-54.17,1563773758,64.45,88,7.78,57
Ilinskiy,RU,55.62,38.12,1563773759,69.01,68,2.24,0
Astoria,US,46.19,-123.83,1563773692,62.01,93,5.82,1
Hay River,CA,60.82,-115.79,1563773759,71.6,64,3.36,40
Mount Isa,AU,-20.73,139.49,1563773760,84.2,11,6.93,0
Methven,NZ,-43.63,171.65,1563773760,50.0,90,3.6,27
Koflach,AT,47.07,15.08,1563773760,71.01,100,2.24,75
Turbat,PK,26.0,63.05,1563773761,94.15,39,5.41,6
Guaruja,BR,-23.99,-46.26,1563773761,62.6,63,6.93,0
Qujing,CN,25.49,103.8,1563773761,74.71,70,12.19,100
Gazojak,TM,41.19,61.4,1563773762,97.39,14,13.31,0
Margate,ZA,-30.86,30.37,1563773762,53.11,21,5.73,0
Namatanai,PG,-3.66,152.44,1563773762,81.19,75,4.68,61
Pyay,MM,18.82,95.22,1563773763,78.31,92,9.04,100
Suozhen,CN,36.95,118.1,1563773763,102.99,39,5.73,48
Harindanga,IN,22.04,88.32,1563773764,93.2,67,8.05,40
Kurchum,KZ,48.57,83.65,1563773764,73.45,46,6.49,12
Iquitos,PE,-3.75,-73.25,1563773765,73.4,94,0.85,40
Copacabana,BO,-16.17,-69.08,1563773765,42.67,65,5.53,18
Puerto Leguizamo,CO,-0.19,-74.78,1563773765,68.95,96,1.59,61
Ochtrup,DE,52.21,7.19,1563773766,64.0,87,2.24,0
Oparino,RU,59.85,48.28,1563773766,56.89,96,5.75,90
Santa Rosa,BO,-20.7,-64.83,1563773767,48.43,22,7.92,0
Kang,BW,-23.67,22.79,1563773767,43.39,87,13.94,0
Easton,US,40.69,-75.21,1563773768,75.0,88,6.46,1
Lompoc,US,34.64,-120.46,1563773758,61.0,82,4.7,90
Parrita,CR,9.52,-84.33,1563773768,73.99,94,2.24,40
Vila Franca do Campo,PT,37.72,-25.43,1563773769,71.6,94,17.22,40
Yatou,CN,33.81,104.32,1563773769,66.97,71,4.74,77
Flin Flon,CA,54.77,-101.88,1563773769,62.29,56,4.9,6
Butembo,CD,0.12,29.29,1563773770,65.53,90,1.07,62
Manakara,MG,-22.14,48.01,1563773770,61.93,59,10.09,0
Sao Paulo de Olivenca,BR,-3.38,-68.87,1563773770,71.11,95,0.92,69
Priladozhskiy,RU,59.85,31.48,1563773771,80.01,59,4.47,0
Yerbogachen,RU,61.28,108.01,1563773771,75.79,33,13.6,100
Lazaro Cardenas,MX,28.39,-105.62,1563773772,82.99,38,5.99,30
Auki,SB,-8.77,160.7,1563773772,82.09,80,23.73,100
Sao Joao da Barra,BR,-21.64,-41.05,1563773772,61.39,94,1.95,0
Berdigestyakh,RU,62.1,126.7,1563773773,77.41,36,7.27,0
Coihaique,CL,-45.58,-72.07,1563773773,32.0,98,3.36,20
Kitgum,UG,3.3,32.88,1563773773,70.57,89,2.42,100
Praia da Vitoria,PT,38.73,-27.07,1563773774,75.2,83,22.17,75
Lodja,CD,-3.52,23.6,1563773774,75.79,65,1.25,0
Poum,NC,-20.23,164.02,1563773774,69.67,73,16.11,0
Buraydah,SA,26.33,43.97,1563773775,87.8,23,3.36,0
Taoudenni,ML,22.68,-3.98,1563773777,91.45,29,2.06,15
Tarko-Sale,RU,64.92,77.78,1563773777,79.0,33,9.89,0
Almenara,BR,-16.17,-40.69,1563773777,58.15,99,3.67,98
Ongandjera,NA,-17.88,15.07,1563773778,48.43,19,4.79,0
Nara,ML,15.17,-7.29,1563773778,79.57,63,9.28,100
Camabatela,AO,-8.19,15.37,1563773779,61.39,86,2.64,77
Burnie,AU,-41.05,145.91,1563773779,55.99,69,3.0,55
Road Town,VG,18.42,-64.62,1563773779,81.0,88,5.82,1
Kununurra,AU,-15.77,128.74,1563773780,91.4,21,6.93,23
Rudnogorsk,RU,57.27,103.75,1563773780,85.15,32,0.81,80
Longyearbyen,SJ,78.22,15.64,1563773780,46.4,75,13.87,75
Yeppoon,AU,-23.13,150.74,1563773781,75.2,44,9.17,90
Luanda,AO,-8.83,13.24,1563773781,66.2,100,2.24,75
Camacupa,AO,-12.02,17.48,1563773781,51.31,34,0.92,0
Chumikan,RU,54.72,135.31,1563773782,49.87,96,3.49,100
Nelson Bay,AU,-32.72,152.14,1563773782,72.0,43,5.82,0
Nabire,ID,-3.36,135.5,1563773782,78.13,75,5.59,97
San Cristobal,EC,-1.02,-79.44,1563773783,71.65,74,12.68,90
Roma,AU,-26.57,148.79,1563773783,72.01,30,6.42,0
Kinablangan,PH,7.69,126.55,1563773784,80.11,86,3.09,92
Acari,PE,-15.44,-74.62,1563773784,56.35,89,14.97,100
Wadsworth,US,41.03,-81.73,1563773500,73.4,100,6.93,75
Epe,NG,6.59,3.98,1563773785,77.23,85,13.42,97
Qasigiannguit,GL,68.82,-51.19,1563773785,44.6,81,2.91,23
Sepuka,TZ,-4.75,34.53,1563773785,68.05,38,15.23,23
Kamina,CD,-8.74,25.0,1563773786,66.07,31,8.48,0
Kysyl-Syr,RU,63.9,122.77,1563773786,74.89,23,11.21,0
Linxia,CN,35.6,103.21,1563773786,72.01,50,5.3,0
Pochutla,MX,15.74,-96.47,1563773787,79.0,84,8.99,100
Hauterive,CA,49.18,-68.27,1563773787,64.4,59,8.05,90
Derzhavinsk,KZ,51.1,66.31,1563773787,77.05,45,18.57,0
Heilbron,ZA,-27.29,27.97,1563773788,38.71,83,7.05,0
Puerto Escondido,MX,15.86,-97.07,1563773788,78.31,84,3.36,100
Rebrikha,RU,53.08,82.34,1563773788,71.29,44,3.02,0
Valdivia,CL,-39.81,-73.25,1563773789,33.8,100,2.24,40
Okha,RU,53.59,142.95,1563773789,53.11,96,11.03,100
Deputatskiy,RU,69.3,139.9,1563773789,37.63,82,9.89,89
Kuandian,CN,40.73,124.78,1563773790,85.15,67,7.23,13
Beyneu,KZ,45.32,55.19,1563773790,93.79,15,13.58,68
Khandyga,RU,62.65,135.58,1563773790,69.49,24,17.2,0
Hambantota,LK,6.12,81.12,1563773791,80.6,94,3.36,90
Zhangjiakou,CN,40.77,114.88,1563773791,62.29,66,11.41,100
Kalevala,RU,65.2,31.17,1563773791,64.09,67,2.95,64
Bloomsburg,US,41.0,-76.45,1563773792,78.01,94,4.7,75
Souillac,MU,-20.52,57.52,1563773792,75.2,78,8.05,20
Barra,BR,-11.09,-43.14,1563773792,64.45,82,3.8,19
Haines Junction,CA,60.75,-137.51,1563773793,52.57,86,5.57,96
Quzhou,CN,28.97,118.86,1563773794,97.21,50,1.45,37
Grand Gaube,MU,-20.01,57.66,1563773794,75.2,78,8.05,20
Popondetta,PG,-8.77,148.24,1563773795,70.93,90,3.74,96
Graaff-Reinet,ZA,-32.25,24.53,1563773795,53.47,20,17.09,0
Kondinskoye,RU,59.65,67.41,1563773795,78.13,59,11.41,0
Pokhara,NP,28.21,83.99,1563773796,64.99,84,7.47,51
Omboue,GA,-1.57,9.26,1563773796,74.71,87,14.72,100
Udachnyy,RU,66.42,112.4,1563773796,78.8,22,4.47,0
Guilin,CN,25.28,110.29,1563773797,87.8,70,6.71,75
Kirensk,RU,57.78,108.12,1563773797,78.49,29,6.11,78
Maceio,BR,-9.67,-35.74,1563773601,75.2,73,8.05,40
Havelock,US,34.88,-76.9,1563773798,82.99,78,11.41,1
Sur,OM,22.57,59.53,1563773798,89.65,46,5.01,0
Chazuta,PE,-6.57,-76.13,1563773798,64.45,96,1.81,40
Komsomolskiy,RU,67.55,63.78,1563773799,66.79,60,13.71,98
Aksha,RU,50.28,113.29,1563773799,81.19,33,2.98,5
Banda Aceh,ID,5.56,95.32,1563773502,84.61,65,6.6,59
Saint-Denis,RE,-20.87,55.47,1563773800,71.6,73,10.29,90
Labuhan,ID,-2.54,115.51,1563773800,92.89,36,3.09,0
Huescar,ES,37.81,-2.54,1563773800,72.0,71,1.86,0
Hobyo,SO,5.35,48.53,1563773801,85.33,40,28.12,6
Kontagora,NG,10.4,5.47,1563773801,73.27,90,4.81,85
Walvis Bay,NA,-22.95,14.51,1563773802,60.8,93,4.7,90
Kampene,CD,-3.59,26.67,1563773802,74.35,68,0.67,8
Kranj,SI,46.24,14.36,1563773802,77.0,88,2.24,20
Aklavik,CA,68.22,-135.01,1563773803,62.6,72,2.24,75
Messina,ZA,-22.35,30.04,1563773803,51.85,69,5.19,0
Alyangula,AU,-13.85,136.42,1563773803,84.2,30,12.75,63
Sobolevo,RU,54.43,31.9,1563773804,65.89,79,7.38,78
Chifeng,CN,42.27,118.96,1563773804,86.77,30,29.1,100
Hofn,IS,64.25,-15.21,1563773804,40.15,97,10.27,99
Alice Springs,AU,-23.7,133.88,1563773805,75.2,22,8.05,0
Kaspiyskiy,RU,45.39,47.37,1563773805,77.05,53,12.77,100
Meulaboh,ID,4.14,96.13,1563773806,82.81,61,1.66,76
San Carlos de Bariloche,AR,-41.13,-71.31,1563773669,32.0,83,11.41,40
Mehamn,NO,71.03,27.85,1563773806,59.0,72,3.36,0
Phangnga,TH,8.45,98.53,1563773806,93.2,62,6.93,20
Honningsvag,NO,70.98,25.97,1563773807,55.45,81,3.6,86
Araguari,BR,-18.65,-48.19,1563773807,60.8,72,9.17,0
Sweetwater,US,32.47,-100.41,1563773807,81.0,44,18.59,1
Kungurtug,RU,50.6,97.53,1563773808,73.99,28,5.12,0
Banepa,NP,27.63,85.52,1563773553,77.0,83,2.24,75
Ponta Delgada,PT,37.73,-25.67,1563773531,71.6,94,17.22,40
Den Helder,NL,52.96,4.76,1563773809,64.4,77,13.87,90
Wadi Maliz,TN,36.47,8.55,1563773809,73.4,68,2.24,20
Almirante,PA,9.29,-82.39,1563773809,60.01,59,10.0,100
Onda,ES,39.96,-0.26,1563773810,73.99,78,4.7,20
Amherst,CA,45.83,-64.21,1563773811,63.0,100,11.41,90
Novyy Urgal,RU,51.07,132.56,1563773811,70.75,95,1.97,100
Baykit,RU,61.68,96.39,1563773811,72.91,35,11.25,45
Vurnary,RU,55.49,46.95,1563773811,58.69,89,8.34,62
Pervomayskiy,RU,53.24,40.29,1563773812,66.79,74,3.09,0
Rome,US,34.26,-85.16,1563773813,78.01,88,3.98,75
Amuntai,ID,-2.42,115.25,1563773813,95.23,36,2.57,17
Padang,ID,-0.92,100.36,1563773813,81.73,72,0.67,13
Guerrero Negro,MX,27.97,-114.04,1563773814,66.43,89,8.57,0
Mporokoso,ZM,-9.37,30.12,1563773814,59.95,48,12.55,0
Masiga,PH,13.36,121.83,1563773814,87.01,79,3.0,100
Kalyazin,RU,57.24,37.84,1563773814,64.63,76,4.03,6
Aksu,CN,41.12,80.26,1563773815,85.87,19,3.53,0
Almaznyy,RU,48.03,40.04,1563773816,73.4,78,4.47,0
Tiznit,MA,29.7,-9.73,1563773816,66.43,95,5.21,12
Gornopravdinsk,RU,60.06,69.92,1563773816,79.03,36,9.6,0
Otukpo,NG,7.19,8.13,1563773817,72.55,96,2.53,93
Morropon,PE,-5.18,-79.97,1563773817,56.53,85,1.1,8
Antalaha,MG,-14.9,50.28,1563773817,70.21,86,4.83,10
Chipinge,ZW,-20.19,32.62,1563773818,53.65,73,5.26,0
Kawalu,ID,-7.38,108.21,1563773818,76.87,68,6.93,91
Xingcheng,CN,40.62,120.71,1563773818,106.39,19,20.85,72
Kangaba,ML,11.94,-8.41,1563773819,70.75,94,1.97,100
Christchurch,NZ,-43.53,172.64,1563773819,51.01,93,8.05,11
Mae Tha,TH,18.46,99.14,1563773820,93.99,52,6.93,75
Jasper,CA,52.88,-118.08,1563773820,47.53,75,2.37,50
Norrkoping,SE,58.59,16.18,1563773820,60.8,93,10.29,43
Macas,EC,-2.3,-78.12,1563773821,45.73,97,1.74,82
Malmesbury,ZA,-33.46,18.72,1563773821,55.0,87,10.29,40
Jertih,MY,5.74,102.5,1563773822,87.8,79,5.82,75
Oksfjord,NO,70.24,22.35,1563773822,71.6,56,11.41,0
Zacualpan,MX,21.25,-105.17,1563773823,75.99,100,4.34,90
Damietta,EG,31.42,31.81,1563773823,77.0,78,6.93,0
Rajapur,IN,25.39,81.15,1563773823,100.63,37,9.98,24
Palmer,US,61.6,-149.11,1563773824,73.4,53,3.36,1
Tezu,IN,27.93,96.16,1563773824,83.35,66,3.02,100
Port Macquarie,AU,-31.43,152.91,1563773824,75.99,52,10.29,88
Mabaruma,GY,8.2,-59.78,1563773826,71.47,99,2.17,71
Kinwat,IN,19.62,78.2,1563773826,89.83,54,8.12,0
Visavadar,IN,21.34,70.75,1563773827,90.37,57,5.01,100
Kalmunai,LK,7.42,81.82,1563773827,90.19,48,11.25,100
Yarmouth,CA,43.84,-66.12,1563773827,64.0,100,5.82,20
Gushikawa,JP,26.35,127.87,1563773828,91.4,66,8.05,1
Chenzhou,CN,25.81,113.03,1563773828,94.69,51,6.62,62
Mao,TD,14.12,15.31,1563773828,78.49,78,10.96,53
Okhotsk,RU,59.36,143.24,1563773829,66.79,55,11.86,0
Hami,CN,42.84,93.51,1563773829,85.33,16,6.91,88
Townsville,AU,-19.26,146.82,1563773829,77.0,61,17.22,20
Gedo,ET,9.01,37.45,1563773830,65.17,91,0.81,89
Matinhos,BR,-25.82,-48.53,1563773830,63.0,94,1.19,94
Bloomfield,US,40.81,-74.19,1563773830,84.2,83,4.7,75
Kaabong,UG,3.51,34.14,1563773831,69.85,73,2.21,98
Hualmay,PE,-11.1,-77.61,1563773831,62.47,84,8.9,62
Mecca,SA,21.43,39.83,1563773831,98.11,24,12.26,0
Kesova Gora,RU,57.58,37.3,1563773832,66.43,70,3.33,51
Ormara,PK,25.21,64.64,1563773832,93.25,40,4.36,0
Virginia Beach,US,36.85,-75.98,1563773832,87.01,70,8.05,1
Makasar,ID,-6.28,106.88,1563773833,93.99,55,9.17,20
Guarapari,BR,-20.67,-40.5,1563773833,66.99,100,2.24,75
Yanam,IN,16.73,82.22,1563773833,87.8,70,8.05,40
Jojoima,SL,7.88,-10.79,1563773834,70.75,99,1.72,97
Sharjah,AE,25.36,55.39,1563773834,100.4,50,13.87,52
Sirjan,IR,29.44,55.67,1563773834,92.89,8,5.5,0
